Date,Open,High,Low,Close,Volume,Adj Close
2013-05-31,11.69,11.70,11.51,11.55,1386400,11.55
2013-05-30,11.74,11.79,11.72,11.75,1283400,11.75
2013-05-29,11.50,11.59,11.46,11.58,704200,11.58
2013-05-28,11.49,11.64,11.41,11.43,1813400,11.43
2013-05-24,11.56,11.58,11.50,11.51,743900,11.51
2013-05-23,11.54,11.60,11.46,11.58,1196700,11.58
2013-05-22,11.56,11.77,11.28,11.35,2059800,11.35
2013-05-21,11.41,11.52,11.34,11.43,1945500,11.43
2013-05-20,11.25,11.69,11.21,11.68,2945700,11.68
2013-05-17,11.42,11.46,11.27,11.28,3584400,11.28
2013-05-16,11.41,11.55,11.38,11.52,1791200,11.52
2013-05-15,11.79,11.79,11.52,11.58,3707700,11.58
2013-05-14,11.91,11.97,11.85,11.85,1218400,11.85
2013-05-13,11.93,11.98,11.90,11.93,702500,11.93
2013-05-10,11.92,12.06,11.81,12.05,1249400,12.05
2013-05-09,12.22,12.29,12.13,12.16,523400,12.16
2013-05-08,12.24,12.31,12.17,12.30,1006700,12.30
2013-05-07,12.15,12.15,12.02,12.09,1823300,12.09
2013-05-06,12.29,12.32,12.23,12.29,1020200,12.29
2013-05-03,12.27,12.34,12.21,12.29,954300,12.29
2013-05-02,12.26,12.33,12.24,12.29,1623900,12.29
2013-05-01,12.17,12.23,12.03,12.20,947000,12.20
2013-04-30,12.31,12.37,12.23,12.34,862300,12.34
2013-04-29,12.30,12.33,12.23,12.31,1139700,12.31
2013-04-26,12.30,12.41,12.13,12.19,1233100,12.19
2013-04-25,12.10,12.30,12.09,12.25,2004000,12.25
2013-04-24,11.87,11.96,11.86,11.94,1202800,11.94
2013-04-23,11.87,11.88,11.74,11.81,1403500,11.81
2013-04-22,11.91,11.95,11.83,11.93,2717300,11.93
2013-04-19,11.69,11.71,11.60,11.67,1331300,11.67
2013-04-18,11.49,11.61,11.45,11.53,2072400,11.53
2013-04-17,11.47,11.58,11.32,11.40,2469800,11.40
2013-04-16,11.63,11.63,11.31,11.38,5401000,11.38
2013-04-15,11.62,11.69,11.16,11.28,10828900,11.28
2013-04-12,12.89,12.89,12.32,12.34,6940200,12.34
2013-04-11,13.09,13.16,13.05,13.07,1724900,13.07
2013-04-10,13.32,13.32,13.06,13.08,1189500,13.08
2013-04-09,13.27,13.41,13.27,13.37,1191500,13.37
2013-04-08,13.25,13.26,13.18,13.23,865500,13.23
2013-04-05,13.14,13.31,13.10,13.27,1376000,13.27
2013-04-04,12.96,13.04,12.94,13.02,2756400,13.02
2013-04-03,13.23,13.27,12.98,13.07,3439100,13.07
2013-04-02,13.46,13.48,13.28,13.29,1766900,13.29
2013-04-01,13.55,13.61,13.53,13.60,598400,13.60
2013-03-28,13.63,13.65,13.52,13.53,671300,13.53
2013-03-27,13.62,13.71,13.61,13.68,668900,13.68
2013-03-26,13.61,13.65,13.59,13.64,719900,13.64
2013-03-25,13.63,13.70,13.60,13.68,823300,13.68
2013-03-22,13.68,13.72,13.68,13.70,919700,13.70
2013-03-21,13.72,13.77,13.69,13.75,1322200,13.75
2013-03-20,13.65,13.68,13.61,13.64,889000,13.64
2013-03-19,13.56,13.71,13.55,13.70,1034700,13.70
2013-03-18,13.62,13.66,13.54,13.57,1819600,13.57
2013-03-15,13.42,13.48,13.40,13.45,1595100,13.45
2013-03-14,13.35,13.48,13.35,13.39,2840900,13.39
2013-03-13,13.52,13.55,13.39,13.40,1072000,13.40
2013-03-12,13.45,13.59,13.45,13.51,1351800,13.51
2013-03-11,13.34,13.36,13.32,13.34,512900,13.34
2013-03-08,13.26,13.38,13.23,13.34,649400,13.34
2013-03-07,13.35,13.38,13.33,13.36,1166200,13.36
2013-03-06,13.25,13.38,13.19,13.37,823400,13.37
2013-03-05,13.30,13.37,13.21,13.27,883300,13.27
2013-03-04,13.32,13.34,13.19,13.24,1319500,13.24
2013-03-01,13.41,13.45,13.24,13.27,1192900,13.27
2013-02-28,13.54,13.54,13.36,13.40,645000,13.40
2013-02-27,13.64,13.64,13.51,13.56,893200,13.56
2013-02-26,13.49,13.73,13.39,13.69,1643900,13.69
2013-02-25,13.35,13.50,13.30,13.49,1716200,13.49
2013-02-22,13.24,13.27,13.18,13.27,1093400,13.27
2013-02-21,13.15,13.28,13.13,13.24,2408500,13.24
2013-02-20,13.46,13.50,13.06,13.11,4842900,13.11
2013-02-19,13.63,13.64,13.53,13.58,1919000,13.58
2013-02-15,13.78,13.78,13.51,13.61,4557000,13.61
2013-02-14,14.03,14.06,13.92,13.96,860000,13.96
2013-02-13,14.11,14.12,13.99,14.00,1154300,14.00
2013-02-12,14.06,14.15,14.03,14.15,859900,14.15
2013-02-11,14.15,14.20,14.09,14.10,940900,14.10
2013-02-08,14.32,14.37,14.27,14.28,621300,14.28
2013-02-07,14.28,14.42,14.28,14.36,574400,14.36
2013-02-06,14.43,14.47,14.38,14.41,556200,14.41
2013-02-05,14.48,14.49,14.36,14.42,413400,14.42
2013-02-04,14.32,14.46,14.30,14.41,741400,14.41
2013-02-01,14.40,14.43,14.28,14.33,761200,14.33
2013-01-31,14.30,14.31,14.20,14.29,534900,14.29
2013-01-30,14.31,14.41,14.30,14.33,797500,14.33
2013-01-29,14.17,14.21,14.14,14.19,600600,14.19
2013-01-28,14.24,14.24,14.10,14.12,805000,14.12
2013-01-25,14.29,14.29,14.17,14.21,982100,14.21
2013-01-24,14.45,14.48,14.35,14.35,1049000,14.35
2013-01-23,14.59,14.61,14.51,14.53,1248900,14.53
2013-01-22,14.52,14.62,14.52,14.58,1404700,14.58
2013-01-18,14.58,14.59,14.49,14.51,1163000,14.51
2013-01-17,14.40,14.56,14.36,14.52,1505800,14.52
2013-01-16,14.36,14.48,14.32,14.42,2083100,14.42
2013-01-15,14.37,14.41,14.33,14.37,872100,14.37
2013-01-14,14.29,14.29,14.20,14.25,639500,14.25
2013-01-11,14.25,14.25,14.10,14.21,518200,14.21
2013-01-10,14.22,14.33,14.22,14.22,926700,14.22
2013-01-09,14.21,14.23,14.15,14.19,530400,14.19
2013-01-08,14.14,14.22,14.10,14.21,943300,14.21
2013-01-07,14.09,14.13,14.05,14.10,645900,14.10
2013-01-04,14.06,14.17,14.00,14.17,856200,14.17
2013-01-03,14.27,14.35,14.14,14.20,742400,14.20
2013-01-02,14.33,14.43,14.29,14.35,1067800,14.35
2012-12-31,14.08,14.24,14.02,14.21,1683800,14.21
2012-12-28,14.10,14.13,13.99,14.05,1136800,14.05
2012-12-27,14.07,14.15,14.05,14.13,1345600,14.13
2012-12-26,14.12,14.13,14.08,14.12,526000,14.12
2012-12-24,14.10,14.10,14.04,14.06,220800,14.06
2012-12-21,14.02,14.09,14.01,14.03,1015400,14.03
2012-12-20,14.05,14.05,13.84,14.02,2018200,14.02
2012-12-19,14.17,14.21,14.10,14.21,1294700,14.21
2012-12-18,14.53,14.55,14.15,14.24,2058000,14.24
2012-12-17,14.47,14.56,14.47,14.56,759900,14.56
2012-12-14,14.51,14.54,14.47,14.47,729100,14.47
2012-12-13,14.51,14.60,14.46,14.55,874000,14.55
2012-12-12,14.69,14.77,14.58,14.68,1240000,14.68
2012-12-11,14.60,14.64,14.57,14.64,765900,14.64
2012-12-10,14.70,14.70,14.58,14.63,432400,14.63
2012-12-07,14.50,14.60,14.47,14.58,644500,14.58
2012-12-06,14.40,14.55,14.39,14.46,842200,14.46
2012-12-05,14.47,14.50,14.38,14.45,706100,14.45
2012-12-04,14.46,14.53,14.41,14.50,1200700,14.50
2012-12-03,14.69,14.75,14.66,14.66,584000,14.66
2012-11-30,14.70,14.75,14.59,14.69,661200,14.69
2012-11-29,14.74,14.78,14.71,14.75,843000,14.75
2012-11-28,14.56,14.70,14.55,14.69,1143900,14.69
2012-11-27,14.87,14.90,14.84,14.88,903100,14.88
2012-11-26,14.85,14.93,14.82,14.89,1000900,14.89
2012-11-23,14.75,14.86,14.70,14.81,669000,14.81
2012-11-21,14.71,14.74,14.59,14.68,2023700,14.68
2012-11-20,14.79,14.79,14.67,14.70,754000,14.70
2012-11-19,14.80,14.82,14.75,14.76,842300,14.76
2012-11-16,14.63,14.69,14.60,14.66,652700,14.66
2012-11-15,14.80,14.81,14.63,14.68,1627800,14.68
2012-11-14,14.87,14.93,14.81,14.83,689500,14.83
2012-11-13,14.80,14.91,14.80,14.86,745200,14.86
2012-11-12,14.90,14.94,14.85,14.88,737300,14.88
2012-11-09,14.94,14.97,14.84,14.85,1129800,14.85
2012-11-08,14.72,14.96,14.70,14.94,1293400,14.94
2012-11-07,14.73,14.80,14.60,14.73,1262200,14.73
2012-11-06,14.45,14.72,14.43,14.67,969200,14.67
2012-11-05,14.38,14.42,14.36,14.41,566800,14.41
2012-11-02,14.50,14.51,14.30,14.36,1459200,14.36
2012-11-01,14.75,14.75,14.61,14.61,909400,14.61
2012-10-31,14.71,14.74,14.66,14.73,840000,14.73
2012-10-26,14.68,14.70,14.60,14.63,567800,14.63
2012-10-25,14.66,14.70,14.60,14.64,1464500,14.64
2012-10-24,14.68,14.70,14.50,14.56,2958000,14.56
2012-10-23,14.75,14.75,14.65,14.66,1699900,14.66
2012-10-22,14.85,14.88,14.82,14.87,765200,14.87
2012-10-19,14.95,14.96,14.76,14.84,1024600,14.84
2012-10-18,14.95,15.00,14.95,14.98,560700,14.98
2012-10-17,15.00,15.07,14.95,15.01,591800,15.01
2012-10-16,15.01,15.01,14.95,14.98,885700,14.98
2012-10-15,14.96,14.99,14.81,14.92,1020500,14.92
2012-10-12,15.16,15.17,15.04,15.06,512900,15.06
2012-10-11,15.16,15.23,15.15,15.16,429700,15.16
2012-10-10,15.10,15.17,15.07,15.14,661500,15.14
2012-10-09,15.20,15.24,15.10,15.14,862300,15.14
2012-10-08,15.21,15.28,15.20,15.26,733300,15.26
2012-10-05,15.30,15.37,15.26,15.33,1217200,15.33
2012-10-04,15.31,15.42,15.31,15.38,1383300,15.38
2012-10-03,15.24,15.28,15.20,15.25,870500,15.25
2012-10-02,15.26,15.26,15.16,15.18,1167800,15.18
2012-10-01,15.20,15.30,15.19,15.23,1117400,15.23
2012-09-28,15.21,15.25,15.13,15.20,582800,15.20
2012-09-27,15.10,15.25,15.07,15.21,978100,15.21
2012-09-26,14.95,15.00,14.85,14.98,1079900,14.98
2012-09-25,15.21,15.26,15.00,15.05,3223500,15.05
2012-09-24,15.15,15.23,15.14,15.18,1150600,15.18
2012-09-21,15.30,15.34,15.19,15.29,2478400,15.29
2012-09-20,15.15,15.21,15.06,15.20,1296900,15.20
2012-09-19,15.23,15.23,15.15,15.18,1078900,15.18
2012-09-18,15.14,15.22,15.12,15.19,1431400,15.19
2012-09-17,15.22,15.24,15.05,15.07,2403300,15.07
2012-09-14,15.15,15.23,15.12,15.17,3083200,15.17
2012-09-13,14.84,15.15,14.75,15.06,5233100,15.06
2012-09-12,14.92,14.92,14.78,14.81,1735500,14.81
2012-09-11,14.89,14.92,14.84,14.85,1992500,14.85
2012-09-10,14.85,14.90,14.79,14.83,3066600,14.83
2012-09-07,14.84,15.00,14.80,14.89,13915800,14.89
2012-09-06,15.13,15.21,15.04,15.06,1517300,15.06
2012-09-05,15.07,15.08,15.00,15.07,562100,15.07
2012-09-04,15.01,15.12,14.99,15.10,1309500,15.10
2012-08-31,14.70,15.00,14.58,14.98,1197500,14.98
2012-08-30,14.67,14.67,14.57,14.64,419400,14.64
2012-08-29,14.76,14.79,14.59,14.61,921100,14.61
2012-08-28,14.82,14.85,14.76,14.76,1226500,14.76
2012-08-27,14.75,14.92,14.74,14.78,2556700,14.78
2012-08-24,14.70,14.76,14.67,14.73,609000,14.73
2012-08-23,14.62,14.80,14.60,14.69,2012900,14.69
2012-08-22,14.36,14.54,14.34,14.52,991100,14.52
2012-08-21,14.32,14.39,14.30,14.35,1106000,14.35
2012-08-20,14.13,14.17,14.10,14.17,592500,14.17
2012-08-17,14.14,14.15,14.09,14.10,557600,14.10
2012-08-16,14.04,14.14,14.00,14.10,658100,14.10
2012-08-15,13.97,14.03,13.97,14.00,369700,14.00
2012-08-14,13.95,14.00,13.93,13.96,614300,13.96
2012-08-13,14.10,14.13,14.00,14.02,455000,14.02
2012-08-10,14.05,14.15,14.03,14.11,590800,14.11
2012-08-09,13.99,14.05,13.98,14.04,286300,14.04
2012-08-08,14.00,14.03,13.97,13.99,359600,13.99
2012-08-07,14.00,14.03,13.97,14.00,396200,14.00
2012-08-06,13.97,14.03,13.97,13.98,579100,13.98
2012-08-03,13.89,14.01,13.88,13.95,642200,13.95
2012-08-02,13.89,13.94,13.79,13.84,375700,13.84
2012-08-01,13.94,13.99,13.85,13.94,510000,13.94
2012-07-31,14.13,14.13,14.01,14.06,1047300,14.06
2012-07-30,14.03,14.13,13.94,14.10,620500,14.10
2012-07-27,14.10,14.13,14.03,14.09,724900,14.09
2012-07-26,14.00,14.06,13.98,14.01,1107000,14.01
2012-07-25,13.89,13.98,13.85,13.92,929400,13.92
2012-07-24,13.67,13.73,13.61,13.71,683700,13.71
2012-07-23,13.58,13.68,13.58,13.65,401000,13.65
2012-07-20,13.62,13.71,13.60,13.70,327400,13.70
2012-07-19,13.68,13.73,13.62,13.63,497300,13.63
2012-07-18,13.58,13.67,13.56,13.61,396400,13.61
2012-07-17,13.69,13.74,13.56,13.67,578000,13.67
2012-07-16,13.70,13.76,13.69,13.73,557100,13.73
2012-07-13,13.64,13.78,13.63,13.70,898400,13.70
2012-07-12,13.44,13.58,13.38,13.54,620300,13.54
2012-07-11,13.54,13.61,13.50,13.55,612500,13.55
2012-07-10,13.80,13.81,13.46,13.52,977700,13.52
2012-07-09,13.75,13.78,13.70,13.70,618300,13.70
2012-07-06,13.79,13.81,13.66,13.75,510800,13.75
2012-07-05,13.81,13.96,13.80,13.91,560400,13.91
2012-07-03,13.98,14.03,13.95,13.99,569300,13.99
2012-07-02,13.73,13.81,13.71,13.76,311200,13.76
2012-06-29,13.79,13.84,13.73,13.79,1375800,13.79
2012-06-28,14.00,14.00,13.40,13.43,623500,13.43
2012-06-27,13.66,13.67,13.54,13.59,420400,13.59
2012-06-26,13.67,13.70,13.56,13.59,528100,13.59
2012-06-25,13.64,13.77,13.57,13.74,1166500,13.74
2012-06-22,13.54,13.65,13.49,13.64,694100,13.64
2012-06-21,13.76,13.80,13.50,13.54,1756600,13.54
2012-06-20,13.97,14.04,13.80,13.96,973000,13.96
2012-06-19,14.14,14.15,14.04,14.04,649900,14.04
2012-06-18,14.09,14.18,14.01,14.13,936700,14.13
2012-06-15,14.12,14.17,14.07,14.11,1290600,14.11
2012-06-14,14.04,14.11,13.91,14.07,1900200,14.07
2012-06-13,14.02,14.03,13.93,13.95,702700,13.95
2012-06-12,13.85,13.98,13.84,13.92,391400,13.92
2012-06-11,13.81,13.84,13.66,13.82,647400,13.82
2012-06-08,13.60,13.77,13.60,13.77,619300,13.77
2012-06-07,14.05,14.06,13.64,13.74,784900,13.74
2012-06-06,14.08,14.16,13.94,13.96,1910900,13.96
2012-06-05,13.89,13.94,13.85,13.94,1004400,13.94
2012-06-04,13.91,13.93,13.82,13.91,857800,13.91
2012-06-01,13.61,13.98,13.60,13.91,2776200,13.91
2012-05-31,13.37,13.41,13.23,13.32,901800,13.32
2012-05-30,13.18,13.37,13.08,13.33,629300,13.33
2012-05-29,13.52,13.52,13.22,13.27,1673400,13.27
2012-05-25,13.32,13.40,13.30,13.38,402300,13.38
2012-05-24,13.43,13.46,13.20,13.27,706800,13.27
2012-05-23,13.32,13.35,13.08,13.32,1034500,13.32
2012-05-22,13.58,13.63,13.34,13.38,1037900,13.38
2012-05-21,13.64,13.71,13.60,13.64,887400,13.64
2012-05-18,13.69,13.70,13.58,13.68,1135600,13.68
2012-05-17,13.27,13.55,13.22,13.52,1869900,13.52
2012-05-16,13.09,13.22,13.03,13.13,1251400,13.13
2012-05-15,13.24,13.31,13.08,13.09,1520700,13.09
2012-05-14,13.36,13.37,13.26,13.28,1365900,13.28
2012-05-11,13.49,13.61,13.46,13.54,826400,13.54
2012-05-10,13.69,13.72,13.59,13.60,677500,13.60
2012-05-09,13.54,13.67,13.50,13.64,1145400,13.64
2012-05-08,13.89,13.90,13.68,13.71,1831500,13.71
2012-05-07,14.13,14.13,14.01,14.07,657000,14.07
2012-05-04,14.06,14.17,14.03,14.14,695500,14.14
2012-05-03,14.10,14.12,14.00,14.08,922000,14.08
2012-05-02,14.17,14.22,14.09,14.22,670600,14.22
2012-05-01,14.26,14.28,14.17,14.23,959800,14.23
2012-04-30,14.03,14.23,14.02,14.22,963500,14.22
2012-04-27,14.15,14.17,14.09,14.13,949200,14.13
2012-04-26,13.99,14.10,13.97,14.07,1444600,14.07
2012-04-25,13.93,13.95,13.78,13.90,1750500,13.90
2012-04-24,13.92,13.99,13.90,13.93,1012000,13.93
2012-04-23,13.85,13.91,13.81,13.90,1596300,13.90
2012-04-20,14.01,14.06,13.92,13.96,3576200,13.96
2012-04-19,14.08,14.15,13.98,14.04,663200,14.04
2012-04-18,14.09,14.13,14.00,14.03,692100,14.03
2012-04-17,14.20,14.23,14.03,14.16,989300,14.16
2012-04-16,14.23,14.27,14.15,14.18,351900,14.18
2012-04-13,14.37,14.39,14.18,14.26,495700,14.26
2012-04-12,14.23,14.43,14.22,14.40,615700,14.40
2012-04-11,14.25,14.30,14.22,14.26,494700,14.26
2012-04-10,14.12,14.29,14.03,14.27,905500,14.27
2012-04-09,14.18,14.21,14.06,14.10,780400,14.10
2012-04-05,14.03,14.10,13.98,14.04,923300,14.04
2012-04-04,14.02,14.05,13.90,13.98,1541100,13.98
2012-04-03,14.53,14.54,14.15,14.23,667600,14.23
2012-04-02,14.41,14.55,14.41,14.49,263200,14.49
2012-03-30,14.42,14.45,14.38,14.44,335500,14.44
2012-03-29,14.33,14.40,14.23,14.37,428700,14.37
2012-03-28,14.50,14.52,14.31,14.39,535800,14.39
2012-03-27,14.61,14.68,14.52,14.53,619300,14.53
2012-03-26,14.50,14.63,14.47,14.62,736200,14.62
2012-03-23,14.27,14.42,14.24,14.33,880100,14.33
2012-03-22,14.08,14.18,14.02,14.15,891500,14.15
2012-03-21,14.28,14.35,14.25,14.25,397400,14.25
2012-03-20,14.27,14.30,14.18,14.23,823400,14.23
2012-03-19,14.36,14.45,14.33,14.39,1155800,14.39
2012-03-16,14.34,14.44,14.32,14.44,495700,14.44
2012-03-15,14.28,14.49,14.25,14.42,628400,14.42
2012-03-14,14.33,14.37,14.20,14.27,1660700,14.27
2012-03-13,14.72,14.84,14.49,14.57,942500,14.57
2012-03-12,14.81,14.84,14.75,14.80,384800,14.80
2012-03-09,14.68,14.94,14.62,14.93,680400,14.93
2012-03-08,14.79,14.82,14.72,14.80,495000,14.80
2012-03-07,14.59,14.70,14.55,14.68,675300,14.68
2012-03-06,14.50,14.58,14.45,14.58,1678900,14.58
2012-03-05,14.86,14.86,14.69,14.79,710800,14.79
2012-03-02,14.83,14.94,14.80,14.87,970000,14.87
2012-03-01,14.90,15.00,14.81,14.87,1087100,14.87
2012-02-29,15.34,15.38,14.71,14.75,3795800,14.75
2012-02-28,15.34,15.43,15.31,15.36,1672200,15.36
2012-02-27,15.28,15.36,15.21,15.24,1386900,15.24
2012-02-24,15.30,15.33,15.25,15.29,1043800,15.29
2012-02-23,15.29,15.37,15.23,15.33,1718100,15.33
2012-02-22,15.16,15.36,15.12,15.29,2457500,15.29
2012-02-21,15.16,15.19,15.11,15.18,1526000,15.18
2012-02-17,15.03,15.03,14.90,14.92,508200,14.92
2012-02-16,14.87,15.02,14.83,15.00,848400,15.00
2012-02-15,15.00,15.02,14.86,14.98,1449600,14.98
2012-02-14,14.95,14.98,14.81,14.86,708100,14.86
2012-02-13,14.96,15.00,14.90,14.93,660100,14.93
2012-02-10,14.89,15.00,14.87,14.93,816900,14.93
2012-02-09,15.19,15.19,15.02,15.04,1472900,15.04
2012-02-08,15.09,15.14,14.98,15.03,1080600,15.03
2012-02-07,14.93,15.14,14.89,15.11,906400,15.11
2012-02-06,14.81,14.92,14.77,14.91,1458000,14.91
2012-02-03,15.10,15.11,14.85,14.85,3629700,14.85
2012-02-02,15.17,15.23,15.12,15.18,2867400,15.18
2012-02-01,15.15,15.18,15.10,15.10,1655800,15.10
2012-01-31,15.15,15.19,15.05,15.10,8108500,15.10
2012-01-30,15.32,15.38,15.28,15.34,1245100,15.34
2012-01-27,15.24,15.41,15.23,15.36,917800,15.36
2012-01-26,15.25,15.29,15.17,15.23,1101900,15.23
2012-01-25,14.61,15.10,14.42,15.07,1836800,15.07
2012-01-24,14.80,14.80,14.64,14.67,973300,14.67
2012-01-23,14.77,14.91,14.73,14.91,814900,14.91
2012-01-20,14.56,14.76,14.53,14.70,765700,14.70
2012-01-19,14.59,14.66,14.56,14.64,870200,14.64
2012-01-18,14.59,14.67,14.50,14.66,856200,14.66
2012-01-17,15.45,15.45,14.60,14.62,786700,14.62
2012-01-13,14.44,14.50,14.18,14.48,1857900,14.48
2012-01-12,14.57,14.66,14.49,14.51,776800,14.51
2012-01-11,14.56,14.62,14.40,14.45,1389500,14.45
2012-01-10,14.51,14.55,14.48,14.51,589500,14.51
2012-01-09,14.53,14.55,14.26,14.29,1580200,14.29
2012-01-06,14.50,14.53,14.35,14.49,1597900,14.49
2012-01-05,14.14,14.47,14.13,14.42,1081900,14.42
2012-01-04,14.11,14.32,14.11,14.26,1140400,14.26
2012-01-03,14.07,14.23,14.06,14.15,1112600,14.15
2011-12-30,13.89,13.98,13.80,13.80,1044800,13.80
2011-12-29,13.55,13.73,13.45,13.72,1900300,13.72
2011-12-28,13.98,14.00,13.68,13.74,1402300,13.74
2011-12-27,14.10,14.12,14.00,14.02,733400,14.02
2011-12-23,14.20,14.20,14.12,14.20,563000,14.20
2011-12-22,14.21,14.26,14.14,14.17,1263600,14.17
2011-12-21,14.27,14.33,14.20,14.30,1132300,14.30
2011-12-20,14.20,14.27,14.13,14.25,748400,14.25
2011-12-19,14.15,14.18,14.01,14.04,1306100,14.04
2011-12-16,14.00,14.17,14.00,14.15,2406400,14.15
2011-12-15,13.97,14.00,13.73,13.84,2225100,13.84
2011-12-14,14.03,14.06,13.60,13.83,4907900,13.83
2011-12-13,14.53,14.66,14.15,14.20,3082200,14.20
2011-12-12,14.74,14.76,14.52,14.53,2472100,14.53
2011-12-09,15.05,15.13,15.00,15.07,604100,15.07
2011-12-08,15.08,15.12,14.95,15.02,765500,15.02
2011-12-07,15.19,15.29,15.17,15.26,821700,15.26
2011-12-06,15.04,15.18,14.95,15.13,1266600,15.13
2011-12-05,15.34,15.40,15.08,15.13,1418700,15.13
2011-12-02,15.40,15.42,15.30,15.40,1414000,15.40
2011-12-01,15.26,15.38,15.19,15.31,1045100,15.31
2011-11-30,15.24,15.28,15.18,15.28,981800,15.28
2011-11-29,14.95,15.01,14.87,14.95,930700,14.95
2011-11-28,14.98,15.00,14.86,14.92,1265900,14.92
2011-11-25,14.61,14.80,14.61,14.66,739800,14.66
2011-11-23,14.72,14.80,14.58,14.76,2010900,14.76
2011-11-22,14.70,14.83,14.67,14.77,1031100,14.77
2011-11-21,14.84,14.84,14.41,14.59,1489900,14.59
2011-11-18,14.91,15.01,14.84,14.93,1305200,14.93
2011-11-17,15.09,15.12,14.76,14.88,1628200,14.88
2011-11-16,15.26,15.35,15.15,15.25,1207400,15.25
2011-11-15,15.48,15.52,15.32,15.45,870400,15.45
2011-11-14,15.54,15.55,15.42,15.48,582200,15.48
2011-11-11,15.37,15.55,15.37,15.54,731700,15.54
2011-11-10,15.39,15.39,15.02,15.29,1270300,15.29
2011-11-09,15.58,15.61,15.30,15.37,1477500,15.37
2011-11-08,15.58,15.66,15.42,15.52,1027400,15.52
2011-11-07,15.42,15.64,15.40,15.63,1569100,15.63
2011-11-04,15.24,15.27,15.13,15.23,620000,15.23
2011-11-03,15.24,15.35,15.12,15.31,1135800,15.31
2011-11-02,14.98,15.09,14.88,15.03,1000500,15.03
2011-11-01,14.49,14.85,14.44,14.85,1081900,14.85
2011-10-31,14.78,14.84,14.70,14.79,883400,14.79
2011-10-28,15.05,15.08,14.90,14.91,4287800,14.91
2011-10-27,15.07,15.19,14.99,15.06,3224500,15.06
2011-10-26,14.97,15.09,14.94,15.05,2667000,15.05
2011-10-25,14.42,15.00,14.35,14.80,4002700,14.80
2011-10-24,14.30,14.47,14.28,14.40,1360700,14.40
2011-10-21,14.19,14.24,14.08,14.18,1062500,14.18
2011-10-20,14.10,14.16,13.85,13.97,2286800,13.97
2011-10-19,14.45,14.46,14.25,14.26,721700,14.26
2011-10-18,14.40,14.52,14.10,14.51,1674800,14.51
2011-10-17,14.77,14.77,14.57,14.61,762700,14.61
2011-10-14,14.74,14.76,14.58,14.68,1118000,14.68
2011-10-13,14.61,14.67,14.47,14.61,866100,14.61
2011-10-12,14.75,14.78,14.63,14.71,881700,14.71
2011-10-11,14.62,14.70,14.55,14.62,1041100,14.62
2011-10-10,14.52,14.75,14.48,14.75,1166900,14.75
2011-10-07,14.54,14.54,14.19,14.29,863900,14.29
2011-10-06,14.34,14.52,14.26,14.48,1998000,14.48
2011-10-05,14.02,14.32,13.95,14.27,1603300,14.27
2011-10-04,14.31,14.35,13.82,14.07,2000000,14.07
2011-10-03,14.33,14.44,14.28,14.30,1946500,14.30
2011-09-30,14.01,14.16,13.91,14.03,1722800,14.03
2011-09-29,14.02,14.10,13.88,14.06,1288700,14.06
2011-09-28,14.38,14.43,13.81,13.92,1995500,13.92
2011-09-27,14.30,14.52,14.27,14.32,3563600,14.32
2011-09-26,13.88,14.03,13.59,13.87,4743200,13.87
2011-09-23,14.70,14.76,14.00,14.11,6978900,14.11
2011-09-22,15.33,15.36,14.97,15.14,3564600,15.14
2011-09-21,15.78,16.01,15.68,15.75,1225200,15.75
2011-09-20,15.48,15.90,15.46,15.85,1759000,15.85
2011-09-19,15.94,15.99,15.44,15.48,2336300,15.48
2011-09-16,15.73,16.00,15.67,15.88,1757200,15.88
2011-09-15,15.68,15.79,15.53,15.75,2524300,15.75
2011-09-14,16.10,16.13,15.73,15.88,2209300,15.88
2011-09-13,15.98,16.24,15.88,16.13,1655200,16.13
2011-09-12,16.18,16.18,15.72,15.87,2129800,15.87
2011-09-09,16.29,16.44,16.17,16.31,1705500,16.31
2011-09-08,16.41,16.48,16.21,16.46,1982900,16.46
2011-09-07,15.93,16.18,15.74,16.04,2709500,16.04
2011-09-06,16.68,16.70,16.33,16.55,2566800,16.55
2011-09-02,16.39,16.50,16.32,16.48,2083300,16.48
2011-09-01,15.91,16.00,15.86,15.95,1111900,15.95
2011-08-31,15.96,16.10,15.79,15.91,1506200,15.91
2011-08-30,15.93,16.09,15.77,16.06,1774100,16.06
2011-08-29,15.73,15.73,15.42,15.55,2005400,15.55
2011-08-26,15.32,15.86,15.23,15.85,2864700,15.85
2011-08-25,14.60,15.30,14.42,15.26,4783600,15.26
2011-08-24,15.64,15.71,14.91,15.06,5921500,15.06
2011-08-23,16.35,16.39,15.63,15.65,5281000,15.65
2011-08-22,16.66,16.68,16.43,16.61,4231200,16.61
2011-08-19,16.82,16.86,16.25,16.38,4750900,16.38
2011-08-18,16.01,16.32,15.96,16.13,6107200,16.13
2011-08-17,15.74,15.77,15.62,15.77,1315900,15.77
2011-08-16,15.55,15.76,15.55,15.72,2025800,15.72
2011-08-15,15.12,15.52,15.06,15.48,2700200,15.48
2011-08-12,15.14,15.17,14.93,15.17,2097900,15.17
2011-08-11,15.36,15.48,15.01,15.30,4170500,15.30
2011-08-10,15.25,15.62,15.19,15.60,4564000,15.60
2011-08-09,15.17,15.33,14.80,14.94,6119900,14.94
2011-08-08,14.74,14.95,14.61,14.85,5456100,14.85
2011-08-05,14.32,14.40,14.19,14.35,3030700,14.35
2011-08-04,14.40,14.45,14.05,14.20,5981700,14.20
2011-08-03,14.31,14.40,14.19,14.21,3109800,14.21
2011-08-02,14.10,14.28,14.06,14.17,3761400,14.17
2011-08-01,13.92,14.08,13.89,13.96,1314300,13.96
2011-07-29,14.03,14.09,13.98,13.99,1942700,13.99
2011-07-28,14.03,14.03,13.88,13.93,909000,13.93
2011-07-27,14.10,14.11,13.89,13.97,1549500,13.97
2011-07-26,13.95,14.05,13.93,14.05,1058500,14.05
2011-07-25,14.05,14.05,13.96,14.02,1545700,14.02
2011-07-22,13.94,13.98,13.90,13.93,1289000,13.93
2011-07-21,13.90,13.91,13.80,13.83,1170300,13.83
2011-07-20,13.80,13.92,13.79,13.89,1251400,13.89
2011-07-19,13.94,13.95,13.74,13.84,2312800,13.84
2011-07-18,13.98,13.99,13.90,13.92,2532300,13.92
2011-07-15,13.81,13.90,13.72,13.90,7405000,13.90
2011-07-14,14.17,14.22,14.08,14.17,1323400,14.17
2011-07-13,14.01,14.09,13.97,14.06,1858300,14.06
2011-07-12,13.65,13.87,13.59,13.87,1516500,13.87
2011-07-11,13.56,13.65,13.47,13.65,1152800,13.65
2011-07-08,13.46,13.48,13.43,13.45,554500,13.45
2011-07-07,13.35,13.37,13.25,13.34,457200,13.34
2011-07-06,13.12,13.73,13.12,13.31,1797600,13.31
2011-07-05,12.97,13.10,12.96,13.06,932900,13.06
2011-07-01,12.98,12.98,12.78,12.82,2204200,12.82
2011-06-30,13.16,13.21,13.04,13.05,1046200,13.05
2011-06-29,13.09,13.20,13.06,13.17,861000,13.17
2011-06-28,13.05,13.10,13.01,13.02,1572900,13.02
2011-06-27,13.12,13.17,12.98,13.00,1470100,13.00
2011-06-24,13.39,13.39,13.17,13.17,1021900,13.17
2011-06-23,13.45,13.45,13.30,13.42,1071000,13.42
2011-06-22,13.64,13.75,13.63,13.65,1057000,13.65
2011-06-21,13.57,13.65,13.54,13.62,650000,13.62
2011-06-20,13.60,13.69,13.50,13.51,695600,13.51
2011-06-17,13.50,13.60,13.47,13.59,882400,13.59
2011-06-16,13.43,13.51,13.39,13.50,1538400,13.50
2011-06-15,13.17,13.47,13.15,13.47,2215500,13.47
2011-06-14,13.05,13.21,13.05,13.20,612300,13.20
2011-06-13,13.15,13.21,13.01,13.07,728500,13.07
2011-06-10,13.33,13.35,13.20,13.21,1140900,13.21
2011-06-09,13.40,13.50,13.35,13.46,1017700,13.46
2011-06-08,13.49,13.50,13.37,13.41,582500,13.41
2011-06-07,13.56,13.68,13.47,13.50,916300,13.50
2011-06-06,13.58,13.66,13.48,13.55,772200,13.55
2011-06-03,13.33,13.58,13.32,13.52,1569300,13.52
2011-06-02,13.34,13.39,13.15,13.29,811000,13.29
2011-06-01,13.37,13.54,13.30,13.34,1632000,13.34
